H,S,V
57,163,136
57,165,139
57,164,138
57,164,137
57,161,136
58,159,135
57,161,139
57,160,137
57,163,139
57,161,138
57,159,136
57,159,133
57,163,138
57,161,135
56,161,135
57,162,137
57,160,134
57,162,134
57,162,135
58,160,134
58,162,137
58,163,138
58,161,135
58,161,136
58,160,137
58,158,131
58,161,138
58,158,132
57,165,141
57,160,132
57,166,140
57,166,141
57,164,140
57,158,132
58,159,136
57,162,140
57,163,141
57,163,142
57,159,135
57,160,140
57,161,133
58,162,134
58,161,133
57,160,139
56,165,141
56,163,138
56,164,137
56,162,134
56,164,138
57,159,138
57,158,134
57,160,131
57,158,131
58,163,136
57,163,133
57,157,130
58,159,133
58,158,136
58,158,137
58,155,133
57,164,134
58,160,139
58,156,134
58,158,134
58,159,138
58,161,139
56,163,139
58,156,132
58,157,135
58,162,135
57,157,128
56,164,140
56,161,139
58,163,139
58,160,140
56,160,134
56,165,136
56,166,137
56,163,133
57,166,137
57,165,136
58,157,133
57,158,129
56,162,137
56,165,139
56,162,135
57,165,142
57,159,130
57,162,132
57,167,142
57,156,132
